<page>
<page-title>OM 2 Presentation MathML XSLT stylesheets</page-title>
<a href="alg1.xsl">alg1</a><br/>
<a href="altenc.xsl">altenc</a><br/>
<a href="arith1.xsl">arith1</a><br/>
<a href="arith2.xsl">arith2</a><br/>
<a href="bessel.xsl">bessel</a><br/>
<a href="bigfloat1.xsl">bigfloat1</a><br/>
<a href="calculus1.xsl">calculus1</a><br/>
<a href="cd.xsl">cd</a><br/>
<a href="cd2om.xsl">cd2om</a><br/>
<a href="cdgroup.xsl">cdgroup</a><br/>
<a href="cdvalidate.xsl">cdvalidate</a><br/>
<a href="collections.xsl">collections</a><br/>
<a href="combinat1.xsl">combinat1</a><br/>
<a href="complex1.xsl">complex1</a><br/>
<a href="fns1.xsl">fns1</a><br/>
<a href="fns2.xsl">fns2</a><br/>
<a href="grouptoc.xsl">grouptoc</a><br/>
<a href="index.xsl">index</a><br/>
<a href="integer1.xsl">integer1</a><br/>
<a href="integer2.xsl">integer2</a><br/>
<a href="interval1.xsl">interval1</a><br/>
<a href="limit1.xsl">limit1</a><br/>
<a href="linalg1.xsl">linalg1</a><br/>
<a href="linalg2.xsl">linalg2</a><br/>
<a href="linalg3.xsl">linalg3</a><br/>
<a href="linalg5.xsl">linalg5</a><br/>
<a href="list1.xsl">list1</a><br/>
<a href="list2.xsl">list2</a><br/>
<a href="logic1.xsl">logic1</a><br/>
<a href="nums1.xsl">nums1</a><br/>
<a href="om2pmml.xsl">om2pmml</a><br/>
<a href="omcore.xsl">omcore</a><br/>
<a href="omvalidate-old.xsl">omvalidate-old</a><br/>
<a href="omvalidate.xsl">omvalidate</a><br/>
<a href="omvar.xsl">omvar</a><br/>
<a href="permgp2.xsl">permgp2</a><br/>
<a href="piece1.xsl">piece1</a><br/>
<a href="pmathml.xsl">pmathml</a><br/>
<a href="quant1.xsl">quant1</a><br/>
<a href="relation1.xsl">relation1</a><br/>
<a href="set1.xsl">set1</a><br/>
<a href="set3.xsl">set3</a><br/>
<a href="setname1.xsl">setname1</a><br/>
<a href="setname2.xsl">setname2</a><br/>
<a href="sts.xsl">sts</a><br/>
<a href="sts2.xsl">sts2</a><br/>
<a href="sts2om.xsl">sts2om</a><br/>
<a href="sts2html.xsl">sts2html</a><br/>
<a href="transc1.xsl">transc1</a><br/>
<a href="verb.xsl">verb</a><br/>
<a href="wrapper.xsl">wrapper</a><br/>
</page>




